[
	{
		"RecordID": 1,
		"ParentID": "BDXW",
		"ParentCompany": "Ford Motor Company",
		"BrandID": "CNWR",
		"BrandName": "Ford",
		"SubBrandID": null,
		"SubBrandName": null,
		"BrandOEMFlag": "True",
		"EffectiveDateTime": "2022-04-27T15:09:54.390",
		"EndDateTime": null
	},
	{
		"RecordID": 2,
		"ParentID": "BDLV",
		"ParentCompany": "Robert Bosch LLC",
		"BrandID": "BGFB",
		"BrandName": "Sunpro",
		"SubBrandID": null,
		"SubBrandName": null,
		"BrandOEMFlag": "False",
		"EffectiveDateTime": "2024-03-26T22:17:15.060",
		"EndDateTime": null
	},
	{
		"RecordID": 3,
		"ParentID": "BDLV",
		"ParentCompany": "Robert Bosch LLC",
		"BrandID": "BBBX",
		"BrandName": "Actron",
		"SubBrandID": null,
		"SubBrandName": null,
		"BrandOEMFlag": "False",
		"EffectiveDateTime": "2024-03-26T22:17:15.060",
		"EndDateTime": null
	},
	{
		"RecordID": 4,
		"ParentID": "BDLV",
		"ParentCompany": "Robert Bosch LLC",
		"BrandID": "DJHL",
		"BrandName": "TIF",
		"SubBrandID": null,
		"SubBrandName": null,
		"BrandOEMFlag": "False",
		"EffectiveDateTime": "2024-03-26T22:17:15.060",
		"EndDateTime": null
	},
	{
		"RecordID": 5,
		"ParentID": "BDLV",
		"ParentCompany": "Robert Bosch LLC",
		"BrandID": "DNJW",
		"BrandName": "Dremel",
		"SubBrandID": null,
		"SubBrandName": null,
		"BrandOEMFlag": "False",
		"EffectiveDateTime": "2024-03-26T22:17:15.060",
		"EndDateTime": null
	},
	{
		"RecordID": 6,
		"ParentID": "BDLV",
		"ParentCompany": "Robert Bosch LLC",
		"BrandID": "FDCR",
		"BrandName": "Skil",
		"SubBrandID": null,
		"SubBrandName": null,
		"BrandOEMFlag": "False",
		"EffectiveDateTime": "2024-03-26T22:17:15.060",
		"EndDateTime": null
	},
	{
		"RecordID": 7,
		"ParentID": "BDLV",
		"ParentCompany": "Robert Bosch LLC",
		"BrandID": "BFZH",
		"BrandName": "Robinair",
		"SubBrandID": null,
		"SubBrandName": null,
		"BrandOEMFlag": "False",
		"EffectiveDateTime": "2024-03-26T22:17:15.060",
		"EndDateTime": null
	},
	{
		"RecordID": 8,
		"ParentID": "BDLV",
		"ParentCompany": "Robert Bosch LLC",
		"BrandID": "BCFM",
		"BrandName": "OTC",
		"SubBrandID": "KDTN",
		"SubBrandName": "Back Buddy",
		"BrandOEMFlag": "False",
		"EffectiveDateTime": "2024-03-26T22:17:15.060",
		"EndDateTime": null
	},
	{
		"RecordID": 9,
		"ParentID": "BDLV",
		"ParentCompany": "Robert Bosch LLC",
		"BrandID": "BBHK",
		"BrandName": "Bosch",
		"SubBrandID": "GNCK",
		"SubBrandName": "QuietCast",
		"BrandOEMFlag": "False",
		"EffectiveDateTime": "2024-03-26T22:17:15.060",
		"EndDateTime": null
	},
	{
		"RecordID": 10,
		"ParentID": "BDLV",
		"ParentCompany": "Robert Bosch LLC",
		"BrandID": "BBHK",
		"BrandName": "Bosch",
		"SubBrandID": "GNCP",
		"SubBrandName": "Long Life",
		"BrandOEMFlag": "False",
		"EffectiveDateTime": "2024-03-26T22:17:15.060",
		"EndDateTime": null
	},
	{
		"RecordID": 11,
		"ParentID": "BDLV",
		"ParentCompany": "Robert Bosch LLC",
		"BrandID": "BBHK",
		"BrandName": "Bosch",
		"SubBrandID": "GNCQ",
		"SubBrandName": "Distance Plus",
		"BrandOEMFlag": "False",
		"EffectiveDateTime": "2024-03-26T22:17:15.060",
		"EndDateTime": null
	},
	{
		"RecordID": 12,
		"ParentID": "BDLV",
		"ParentCompany": "Robert Bosch LLC",
		"BrandID": "BBHK",
		"BrandName": "Bosch",
		"SubBrandID": "GNCR",
		"SubBrandName": "Excel+",
		"BrandOEMFlag": "False",
		"EffectiveDateTime": "2024-03-26T22:17:15.060",
		"EndDateTime": null
	},
	{
		"RecordID": 13,
		"ParentID": "BDLV",
		"ParentCompany": "Robert Bosch LLC",
		"BrandID": "BBHK",
		"BrandName": "Bosch",
		"SubBrandID": "GNCS",
		"SubBrandName": "DirectConnect",
		"BrandOEMFlag": "False",
		"EffectiveDateTime": "2024-03-26T22:17:15.060",
		"EndDateTime": null
	},
	{
		"RecordID": 14,
		"ParentID": "BDLV",
		"ParentCompany": "Robert Bosch LLC",
		"BrandID": "BBHK",
		"BrandName": "Bosch",
		"SubBrandID": "GNCT",
		"SubBrandName": "ICON",
		"BrandOEMFlag": "False",
		"EffectiveDateTime": "2024-03-26T22:17:15.060",
		"EndDateTime": null
	},
	{
		"RecordID": 15,
		"ParentID": "BDLV",
		"ParentCompany": "Robert Bosch LLC",
		"BrandID": "BBHK",
		"BrandName": "Bosch",
		"SubBrandID": "GNCV",
		"SubBrandName": "Evolution",
		"BrandOEMFlag": "False",
		"EffectiveDateTime": "2024-03-26T22:17:15.060",
		"EndDateTime": null
	},
	{
		"RecordID": 16,
		"ParentID": "BDLV",
		"ParentCompany": "Robert Bosch LLC",
		"BrandID": "BBHK",
		"BrandName": "Bosch",
		"SubBrandID": "GNCW",
		"SubBrandName": "Clear Advantage",
		"BrandOEMFlag": "False",
		"EffectiveDateTime": "2024-03-26T22:17:15.060",
		"EndDateTime": null
	},
	{
		"RecordID": 17,
		"ParentID": "BDLV",
		"ParentCompany": "Robert Bosch LLC",
		"BrandID": "BBHK",
		"BrandName": "Bosch",
		"SubBrandID": "GNCX",
		"SubBrandName": "InSight",
		"BrandOEMFlag": "False",
		"EffectiveDateTime": "2024-03-26T22:17:15.060",
		"EndDateTime": null
	},
	{
		"RecordID": 18,
		"ParentID": "BDLV",
		"ParentCompany": "Robert Bosch LLC",
		"BrandID": "BBHK",
		"BrandName": "Bosch",
		"SubBrandID": "GNDB",
		"SubBrandName": "MicroEdge",
		"BrandOEMFlag": "False",
		"EffectiveDateTime": "2024-03-26T22:17:15.060",
		"EndDateTime": null
	},
	{
		"RecordID": 19,
		"ParentID": "BDLV",
		"ParentCompany": "Robert Bosch LLC",
		"BrandID": "BBHK",
		"BrandName": "Bosch",
		"SubBrandID": "GNDC",
		"SubBrandName": "AeroTwin",
		"BrandOEMFlag": "False",
		"EffectiveDateTime": "2024-03-26T22:17:15.060",
		"EndDateTime": null
	},
	{
		"RecordID": 20,
		"ParentID": "BDLV",
		"ParentCompany": "Robert Bosch LLC",
		"BrandID": "BBHK",
		"BrandName": "Bosch",
		"SubBrandID": "GNDD",
		"SubBrandName": "Twin",
		"BrandOEMFlag": "False",
		"EffectiveDateTime": "2024-03-26T22:17:15.060",
		"EndDateTime": null
	},
	{
		"RecordID": 21,
		"ParentID": "BDLV",
		"ParentCompany": "Robert Bosch LLC",
		"BrandID": "BBHK",
		"BrandName": "Bosch",
		"SubBrandID": "GNDF",
		"SubBrandName": "Rear",
		"BrandOEMFlag": "False",
		"EffectiveDateTime": "2024-03-26T22:17:15.060",
		"EndDateTime": null
	},
	{
		"RecordID": 22,
		"ParentID": "BDLV",
		"ParentCompany": "Robert Bosch LLC",
		"BrandID": "BBHK",
		"BrandName": "Bosch",
		"SubBrandID": "GNDG",
		"SubBrandName": "Marathon",
		"BrandOEMFlag": "False",
		"EffectiveDateTime": "2024-03-26T22:17:15.060",
		"EndDateTime": null
	},
	{
		"RecordID": 23,
		"ParentID": "BDLV",
		"ParentCompany": "Robert Bosch LLC",
		"BrandID": "BBHK",
		"BrandName": "Bosch",
		"SubBrandID": "GNDH",
		"SubBrandName": "Perfect View",
		"BrandOEMFlag": "False",
		"EffectiveDateTime": "2024-03-26T22:17:15.060",
		"EndDateTime": null
	},
	{
		"RecordID": 24,
		"ParentID": "BDLV",
		"ParentCompany": "Robert Bosch LLC",
		"BrandID": "BBHK",
		"BrandName": "Bosch",
		"SubBrandID": "GNDJ",
		"SubBrandName": "Steel Tech",
		"BrandOEMFlag": "False",
		"EffectiveDateTime": "2024-03-26T22:17:15.060",
		"EndDateTime": null
	},
	{
		"RecordID": 25,
		"ParentID": "BDLV",
		"ParentCompany": "Robert Bosch LLC",
		"BrandID": "BBHK",
		"BrandName": "Bosch",
		"SubBrandID": "GRCG",
		"SubBrandName": "Blue",
		"BrandOEMFlag": "False",
		"EffectiveDateTime": "2024-03-26T22:17:15.060",
		"EndDateTime": null
	},
	{
		"RecordID": 26,
		"ParentID": "BDLV",
		"ParentCompany": "Robert Bosch LLC",
		"BrandID": "BBHK",
		"BrandName": "Bosch",
		"SubBrandID": "GRCH",
		"SubBrandName": "EuroLine",
		"BrandOEMFlag": "False",
		"EffectiveDateTime": "2024-03-26T22:17:15.060",
		"EndDateTime": null
	},
	{
		"RecordID": 27,
		"ParentID": "BDLV",
		"ParentCompany": "Robert Bosch LLC",
		"BrandID": "BBHK",
		"BrandName": "Bosch",
		"SubBrandID": "HCHJ",
		"SubBrandName": "Envision",
		"BrandOEMFlag": "False",
		"EffectiveDateTime": "2024-03-26T22:17:15.060",
		"EndDateTime": null
	},
	{
		"RecordID": 28,
		"ParentID": "BDLV",
		"ParentCompany": "Robert Bosch LLC",
		"BrandID": "BBHK",
		"BrandName": "Bosch",
		"SubBrandID": "HCHK",
		"SubBrandName": "Snow Driver",
		"BrandOEMFlag": "False",
		"EffectiveDateTime": "2024-03-26T22:17:15.060",
		"EndDateTime": null
	},
	{
		"RecordID": 29,
		"ParentID": "BDLV",
		"ParentCompany": "Robert Bosch LLC",
		"BrandID": "BBHK",
		"BrandName": "Bosch",
		"SubBrandID": "HRXM",
		"SubBrandName": "Focus",
		"BrandOEMFlag": "False",
		"EffectiveDateTime": "2024-03-26T22:17:15.060",
		"EndDateTime": null
	},
	{
		"RecordID": 30,
		"ParentID": "BDLV",
		"ParentCompany": "Robert Bosch LLC",
		"BrandID": "BBHK",
		"BrandName": "Bosch",
		"SubBrandID": "HRXN",
		"SubBrandName": "Winter",
		"BrandOEMFlag": "False",
		"EffectiveDateTime": "2024-03-26T22:17:15.060",
		"EndDateTime": null
	},
	{
		"RecordID": 31,
		"ParentID": "BDLV",
		"ParentCompany": "Robert Bosch LLC",
		"BrandID": "BBHK",
		"BrandName": "Bosch",
		"SubBrandID": "HRXP",
		"SubBrandName": "Spectrum DirectFit",
		"BrandOEMFlag": "False",
		"EffectiveDateTime": "2024-03-26T22:17:15.060",
		"EndDateTime": null
	},
	{
		"RecordID": 32,
		"ParentID": "BDLV",
		"ParentCompany": "Robert Bosch LLC",
		"BrandID": "BBHK",
		"BrandName": "Bosch",
		"SubBrandID": "HRXQ",
		"SubBrandName": "PUREVision",
		"BrandOEMFlag": "False",
		"EffectiveDateTime": "2024-03-26T22:17:15.060",
		"EndDateTime": null
	},
	{
		"RecordID": 33,
		"ParentID": "BDLV",
		"ParentCompany": "Robert Bosch LLC",
		"BrandID": "BBHK",
		"BrandName": "Bosch",
		"SubBrandID": "BSSK",
		"SubBrandName": "Diagnostic",
		"BrandOEMFlag": "False",
		"EffectiveDateTime": "2024-03-26T22:17:15.060",
		"EndDateTime": null
	},
	{
		"RecordID": 34,
		"ParentID": "BDLV",
		"ParentCompany": "Robert Bosch LLC",
		"BrandID": "BBHK",
		"BrandName": "Bosch",
		"SubBrandID": "FVKL",
		"SubBrandName": "Gauges",
		"BrandOEMFlag": "False",
		"EffectiveDateTime": "2024-03-26T22:17:15.060",
		"EndDateTime": null
	},
	{
		"RecordID": 35,
		"ParentID": "BDLV",
		"ParentCompany": "Robert Bosch LLC",
		"BrandID": "BBHK",
		"BrandName": "Bosch",
		"SubBrandID": "HMQW",
		"SubBrandName": "Severe Duty",
		"BrandOEMFlag": "False",
		"EffectiveDateTime": "2024-03-26T22:17:15.060",
		"EndDateTime": null
	},
	{
		"RecordID": 36,
		"ParentID": "BDLV",
		"ParentCompany": "Robert Bosch LLC",
		"BrandID": "BBHK",
		"BrandName": "Bosch",
		"SubBrandID": "KHJX",
		"SubBrandName": "Premium",
		"BrandOEMFlag": "False",
		"EffectiveDateTime": "2024-03-26T22:17:15.060",
		"EndDateTime": null
	},
	{
		"RecordID": 37,
		"ParentID": "BDLV",
		"ParentCompany": "Robert Bosch LLC",
		"BrandID": "BBHK",
		"BrandName": "Bosch",
		"SubBrandID": "KHJZ",
		"SubBrandName": "360",
		"BrandOEMFlag": "False",
		"EffectiveDateTime": "2024-03-26T22:17:15.060",
		"EndDateTime": null
	},
	{
		"RecordID": 38,
		"ParentID": "BDLV",
		"ParentCompany": "Robert Bosch LLC",
		"BrandID": "BBHK",
		"BrandName": "Bosch",
		"SubBrandID": "KHKG",
		"SubBrandName": "PrimeActive",
		"BrandOEMFlag": "False",
		"EffectiveDateTime": "2024-03-26T22:17:15.060",
		"EndDateTime": null
	},
	{
		"RecordID": 39,
		"ParentID": "BDLV",
		"ParentCompany": "Robert Bosch LLC",
		"BrandID": "BBHK",
		"BrandName": "Bosch",
		"SubBrandID": "JHGS",
		"SubBrandName": "Performance",
		"BrandOEMFlag": "False",
		"EffectiveDateTime": "2024-03-26T22:17:15.060",
		"EndDateTime": null
	},
	{
		"RecordID": 40,
		"ParentID": "BDLV",
		"ParentCompany": "Robert Bosch LLC",
		"BrandID": "BBHK",
		"BrandName": "Bosch",
		"SubBrandID": "KHJY",
		"SubBrandName": "Workshop",
		"BrandOEMFlag": "False",
		"EffectiveDateTime": "2024-11-05T21:21:20.883",
		"EndDateTime": null
	}
]